Bank Name,Ticker,conml,Indeed Link,BHC_Folder_ID
1st source corporation,SRCE,1st Source Corp,https://www.indeed.com/cmp/1st-Source-Bank/reviews,124
access national corporation,,Access National Corp,https://www.indeed.com/cmp/Access-National-Bank/reviews,167
acnb corporation,,ACNB Corp,https://www.indeed.com/cmp/Acnb/reviews,176
alabama national bancorporation,,Alabama National BanCorporation,,247
ally financial inc.,,Ally Financial Inc,https://www.indeed.com/cmp/Ally-Financial/reviews,14
"amcore financial, inc.",,Amcore Financial Inc,https://www.indeed.com/cmp/Amcore/reviews,239
amegy corporation,,Amegy Bancorporation Inc,https://www.indeed.com/cmp/Amegy-Bank/reviews,270
american express company,,American Express Co,https://www.indeed.com/cmp/American-Express/reviews,15
american national bankshares inc.,,American National Bankshares Inc,https://www.indeed.com/cmp/American-National-Bank/reviews,161
ameris bancorp,ABCB,Ameris Bancorp,https://www.indeed.com/cmp/Ameris-Bank/reviews,110
ames national corporation,,Ames National Corp,https://www.indeed.com/cmp/Ames-National-Corporation/reviews,168
amsouth bancorporation,,AmSouth Bancorporation,,267
"appalachian bancshares, inc.",,Appalachian Bancshares Inc,,234
arrow financial corporation,,Arrow Financial Corp,"https://www.indeed.com/cmp/Arrow-Financial-Services,-LLC/reviews",147
associated banc-corp,ASB,Associated Banc-Corp,https://www.indeed.com/cmp/Associated-Bank/reviews,40
"banc of california, inc.",,Banc of California Inc,https://www.indeed.com/cmp/Banc-of-California/reviews,79
bancfirst corporation,BANF,BancFirst Corp,https://www.indeed.com/cmp/Bancfirst/reviews,108
"bancorpsouth, inc.",BXS,BancorpSouth Inc.,https://www.indeed.com/cmp/Bancorpsouth-Bank/reviews,67
"banctrust financial group, inc.",,BancTrust Financial Group Inc,,205
bancwest corporation,,,,181
bank of america corporation,BAC,Bank of America Corp,https://www.indeed.com/cmp/Bank-of-America/reviews,2
bank of commerce holdings,,Bank of Commerce Holdings,https://www.indeed.com/cmp/Bank-of-Commerce/reviews,177
bank of hawaii corporation,BOH,Bank of Hawaii Corp,https://www.indeed.com/cmp/Bank-of-Hawaii/reviews,64
"bank of kentucky financial corporation, the",,Bank of Kentucky Financial Corp,https://www.indeed.com/cmp/Bank-of-Kentucky/reviews,193
bank of marin bancorp,,Bank of Marin Bancorp,https://www.indeed.com/cmp/Bank-of-Marin/reviews,154
"bank of new york company, inc., the",,Bank of New York Mellon Corp (The),https://www.indeed.com/cmp/Bank-of-New-York-Melon/reviews,254
"bank of new york mellon corporation, the",,Bank of New York Mellon Corp (The),https://www.indeed.com/cmp/Bank-of-New-York-Melon/reviews,10
bank of the ozarks inc,,Bank of the Ozarks,https://www.indeed.com/cmp/Bank-of-the-Ozarks/reviews,60
bank one corporation,,Bank One Corp,https://www.indeed.com/cmp/Bank-One/reviews,284
bankfinancial corporation,,BankFinancial Corp,https://www.indeed.com/cmp/Bankfinancial/reviews,164
"bankunited, inc.",BKU,BankUnited Inc,https://www.indeed.com/cmp/Bankunited/reviews,42
banner corporation,BANR,Banner Corp,https://www.indeed.com/cmp/Banner-Bank/reviews,84
bb&t corporation,BBT,BB&T Corp,https://www.indeed.com/cmp/Bb&T/reviews,12
"bbva compass bancshares, inc.",,BBVA Compass Bancshares Inc,https://www.indeed.com/cmp/Bbva-Compass-Bank/reviews,25
"beneficial bancorp, inc.",BNCL,Beneficial Bancorp Inc,https://www.indeed.com/cmp/Beneficial-Bank/reviews,122
berkshire bancorp inc.,,Berkshire Bancorp Inc,https://www.indeed.com/cmp/Berkshire-Bank/reviews,252
"berkshire hills bancorp, inc",,Berkshire Hills Bancorp Inc,,89
bnc bancorp,BNCN,BNC Bancorp,https://www.indeed.com/cmp/Bank-of-North-Carolina/reviews,105
bok financial corporation,BOKF,BOK Financial Corp,https://www.indeed.com/cmp/Bok-Financial/reviews,35
"boston private financial holdings, inc.",BPFH,Boston Private Financial Holdings Inc,https://www.indeed.com/cmp/Boston-Private-Bank-&-Trust/reviews; https://www.indeed.com/cmp/Boston-Private-Bank/reviews; https://www.indeed.com/cmp/Boston-Private-Bank-&-Trust-Company/reviews,102
"brookline bancorp, inc.",,Brookline Bancorp Inc,https://www.indeed.com/cmp/Brookline-Bank/reviews,116
bsb bancorp inc.,,BSB Bancorp Inc,,153
cadence financial corporation,,Cadence Financial Corp,https://www.indeed.com/cmp/Cadence-Bank/reviews,221
camden national corporation,,Camden National Corp,https://www.indeed.com/cmp/Camden-National-Bank/reviews,140
capital bank corporation,,Capital Bank Corp,https://www.indeed.com/cmp/Capital-Bank/reviews,222
capital bank financial corp.,CBF,Capital Bank Financial Corp,https://www.indeed.com/cmp/Capital-Bank/reviews,81
"capital city bank group, inc.",,Capital City Bank Group,https://www.indeed.com/cmp/Capital-City-Bank-Group/reviews,146
capital corp of the west,,Capital Corp of the West,,242
capital one financial corporation,,Capital One Financial Corp.,https://www.indeed.com/cmp/Capital-One/reviews,9
capitol bancorp ltd.,,Capitol Bancorp Ltd,https://www.indeed.com/cmp/Capitol-Bancorp/reviews,232
cardinal financial corporation,CFNL,Cardinal Financial Corp,https://www.indeed.com/cmp/Cardinal-Financial/reviews,135
cascade financial corporation,,Cascade Financial Corp,https://www.indeed.com/cmp/Cascade-Financial-Services/reviews,223
"cass information systems, inc.",,Cass Information Systems Inc,https://www.indeed.com/cmp/Cass-Information-Systems/reviews,165
cathay general bancorp,CATY,Cathay General Bancorp,https://www.indeed.com/cmp/Cathay-Bank/reviews,68
center financial corporation,,Center Financial Corp,,220
"centerstate banks, inc.",CSFL,CenterState Banks Inc,https://www.indeed.com/cmp/Centerstate-Bank/reviews,130
central pacific financial corp.,CPF,Central Pacific Financial Corp.,https://www.indeed.com/cmp/Central-Pacific-Bank/reviews,126
central valley community bancorp,,Central Valley Community Bancorp,https://www.indeed.com/cmp/Central-Valley-Community-Bank/reviews,166
centrue financial corporation,,Centrue Financial Corp,https://www.indeed.com/cmp/Centrue-Bank/reviews,224
"charles schwab corporation, the",,Schwab (Charles) Corp,https://www.indeed.com/cmp/Charles-Schwab/reviews,255
"charter one financial, inc.",,Charter One Financial Inc.,"https://www.indeed.com/cmp/Charter-One-Bank,-N.a./reviews",288
chemical financial corporation,CHFC,Chemical Financial Corp,https://www.indeed.com/cmp/Chemical-Bank/reviews,62
chemung financial corporation,,Chemung Financial Corp,,163
chittenden corporation,,Chittenden Corp.,https://www.indeed.com/cmp/Chittenden-Bank/reviews,248
cit group inc.,,CIT Group Inc,https://www.indeed.com/cmp/Citi/reviews,27
citicorp,,,,279
citigroup inc.,C,Citigroup Inc,https://www.indeed.com/cmp/Citi/reviews,4
"citizens financial group, inc.",CFG,Citizens Financial Group Inc,https://www.indeed.com/cmp/Citizens-Bank/reviews,16
"citizens republic bancorp, inc.",,Citizens Republic Bancorp Inc,https://www.indeed.com/cmp/Citizens-Republic-Bancorp/reviews,202
city holding company,CHCO,City Holding Co,https://www.indeed.com/cmp/City-Holding-Company/reviews,137
city national corporation,,City National Corp,https://www.indeed.com/cmp/City-National-Bank/reviews,190
cnb financial corporation,,CNB Financial Corp/PA,https://www.indeed.com/cmp/Cnb/reviews,148
"colonial bancgroup, inc., the",,Colonial BancGroup Inc (The),https://www.indeed.com/cmp/Colonial-Bank/reviews,235
"columbia banking system, inc.",,Columbia Banking System Inc,https://www.indeed.com/cmp/Columbia-Bank/reviews,85
comerica incorporated,CMA,Comerica Inc,https://www.indeed.com/cmp/Comerica-Bank/reviews,26
"commerce bancorp, inc.",,Commerce Bancorp Inc.,https://www.indeed.com/cmp/Commerce-Bank/reviews,246
"commerce bancshares, inc.",CBSH,Commerce Bancshares Inc,https://www.indeed.com/cmp/Commerce-Bank/reviews,45
"commonwealth bankshares, inc.",,Commonwealth Bankshares Inc,https://www.indeed.com/cmp/Commonwealth-Bank/reviews,225
community bancorp,,Community Bancorp/NV,https://www.indeed.com/cmp/Community-Bank/reviews,241
"community bank system, inc.",CBU,Community Bank System Inc.,https://www.indeed.com/cmp/Community-Bank/reviews,95
community bankers trust corporation,,Community Bankers Trust Corp,,174
"community first bankshares, inc.",,Community First Bankshares Inc,https://www.indeed.com/cmp/Community-First-Bank/reviews,294
"concord efs, inc.",,Concord EFS Inc.,,297
"corus bankshares, inc.",,CORUS Bankshares Inc,https://www.indeed.com/cmp/Corus-Bank/reviews,237
countrywide financial corporation,,Countrywide Financial Corp,https://www.indeed.com/cmp/Countrywide-Financial/reviews,253
"cullen/frost bankers, inc.",CFR,Cullen/Frost Bankers Inc,https://www.indeed.com/cmp/Frost/reviews,38
"customers bancorp, inc.",CUBI,,https://www.indeed.com/cmp/Customers-Bank/reviews,88
cvb financial corp.,CVBF,CVB Financial Corp,https://www.indeed.com/cmp/Citizens-Business-Bank/reviews,101
"danvers bancorp, inc.",,Danvers Bancorp Inc,,218
"dearborn bancorp, inc.",,Dearborn Bancorp Inc,,243
deutsche bank trust corporation,,,https://www.indeed.com/cmp/Deutsche-Bank/reviews,29
discover financial services,,Discover Financial Services Inc,https://www.indeed.com/cmp/Discover-Financial-Services/reviews,24
dnb financial corporation,,DNB Financial Corp,,179
doral financial corporation,,,https://www.indeed.com/cmp/Doral-Financial/reviews,192
"eagle bancorp, inc.",EGBN,Eagle Bancorp Inc,https://www.indeed.com/cmp/Eaglebank/reviews,111
"east west bancorp, inc.",EWBC,East West Bancorp Inc.,https://www.indeed.com/cmp/East-West-Bank/reviews,34
entegra financial corp.,,Entegra Financial Corp,https://www.indeed.com/cmp/Entegra/reviews,171
enterprise financial services corp,,Enterprise Financial Services Corp,https://www.indeed.com/cmp/Enterprise-Bank/reviews,136
everbank financial corp,EVER,,https://www.indeed.com/cmp/Everbank/reviews,
f.n.b. corporation,FNB,F.N.B. Corp,https://www.indeed.com/cmp/First-National-Bank-of-Pennsylvania/reviews,52
farmers national banc corp.,,Farmers National Banc Corp/OH,https://www.indeed.com/cmp/Farmers-National-Bank/reviews,156
"fcb financial holdings, inc.",FCB,FCB Financial Holdings Inc,https://www.indeed.com/cmp/Florida-Community-Bank/reviews,90
fifth third bancorp,FITB,Fifth Third Bancorp,https://www.indeed.com/cmp/Fifth-Third-Bank/reviews,18
first bancorp,FBP,First BanCorp (Puerto Rico),https://www.indeed.com/cmp/First-Bank/reviews,74
"first bancshares, inc., the",,First Bancshares Inc (The)/MS,https://www.indeed.com/cmp/First-Bank/reviews,172
first busey corporation,BUSE,First Busey Corp,https://www.indeed.com/cmp/First-Busey-Corporation/reviews,125
"first citizens bancshares, inc.",,First Citizens BancShares Inc,https://www.indeed.com/cmp/First-Citizens-Bank-1/reviews,36
first commonwealth financial corporation,FCF,First Commonwealth Financial Corp.,https://www.indeed.com/cmp/First-Commonwealth-Financial-Corporation/reviews,113
"first community financial partners, inc.",,First Community Financial Partners Inc,https://www.indeed.com/cmp/First-Community-Bank/reviews,173
first financial bancorp,,First Financial Bancorp.,https://www.indeed.com/cmp/First-Financial-Bank/reviews,97
"first financial bankshares, inc.",FFIN,First Financial Bankshares Inc,https://www.indeed.com/cmp/First-Financial-Bank/reviews,112
first financial corporation,,First Financial Corp/IN,https://www.indeed.com/cmp/First-Financial-Corporation/reviews,144
"first financial northwest, inc.",,,https://www.indeed.com/cmp/First-Financial-Northwest-Bank/reviews,180
first financial service corporation,,First Financial Service Corp,https://www.indeed.com/cmp/First-Financial-Services/reviews,207
first horizon national corporation,FHN,First Horizon National Corp,https://www.indeed.com/cmp/First-Horizon-National-Corporation/reviews; https://www.indeed.com/cmp/First-Horizon-Bank/reviews,41
first internet bancorp,,First Internet Bancorp,https://www.indeed.com/cmp/First-Internet-Bank/reviews,157
"first interstate bancsystem, inc.",FIBK,First Interstate BancSystem Inc,https://www.indeed.com/cmp/First-Interstate-Bank/reviews,91
first m & f corporation,,First M & F Corp,,206
first mariner bancorp,,First Mariner Bancorp,https://www.indeed.com/cmp/First-Mariner-Bank/reviews,200
first merchants corporation,FRME,First Merchants Corp,https://www.indeed.com/cmp/First-Merchants-Bank/reviews,107
"first midwest bancorp, inc.",FMBI,First Midwest Bancorp Inc,https://www.indeed.com/cmp/First-Midwest-Bank,77
"first national bankshares of florida, inc.",,,https://www.indeed.com/cmp/First-National-Bank-of-Florida/reviews,282
"first niagara financial group, inc.",,First Niagara Financial Group Inc,https://www.indeed.com/cmp/First-Niagara-Bank-Key-Bank-1/reviews,182
first republic bank,FRC,,https://www.indeed.com/cmp/First-Republic-Bank/reviews,
"first security group, inc.",,First Security Group Inc,https://www.indeed.com/cmp/First-Security-Bank/reviews,194
firstmerit corporation,,FirstMerit Corp,https://www.indeed.com/cmp/Firstmerit-Corporation/reviews,183
fleetboston financial corporation,,FleetBoston Financial Corp.,https://www.indeed.com/cmp/Fleetboston-Financial/reviews,285
flushing financial corporation,,Flushing Financial Corp,,120
"franklin resources, inc.",,Franklin Resources Inc,https://www.indeed.com/cmp/Franklin-Bank/reviews,196
fulton financial corporation,FULT,Fulton Financial Corp,https://www.indeed.com/cmp/Fulton-Bank/reviews; https://www.indeed.com/cmp/Fulton-Financial-Corporation/reviews,61
fvnb corp.,,FVNB Corp,,204
"german american bancorp, inc.",,German American Bancorp Inc,https://www.indeed.com/cmp/German-American-Bancorp/reviews,145
"glacier bancorp, inc.",GBCI,Glacier Bancorp Inc,https://www.indeed.com/cmp/Glacier-Bank/reviews,87
"gold banc corporation, inc.",,Gold Banc Corp Inc,https://www.indeed.com/cmp/Gold-Bank/reviews,273
"goldman sachs group, inc., the",,Goldman Sachs Group Inc (The),https://www.indeed.com/cmp/Goldman-Sachs/reviews,5
"great western bancorp, inc.",GWB,Great Western Bancorp Inc,https://www.indeed.com/cmp/Great-Western-Bank/reviews,76
greater bay bancorp,,Greater Bay Bancorp,https://www.indeed.com/cmp/Greater-Bay-Bank/reviews,261
greenpoint financial corp.,,Greenpoint Financial Corp.,,291
guaranty bancorp,,Guaranty Bancorp,https://www.indeed.com/cmp/Guaranty-Bank-Best-Bank/reviews,141
"guaranty bancshares, inc.",,Guaranty Bancshares Inc,https://www.indeed.com/cmp/Guaranty-Bank-Best-Bank/reviews,158
hancock holding company,HBHC,Hancock Holding Co,https://www.indeed.com/cmp/Hancock-Holding-Company/reviews,47
hanmi financial corporation,HAFC,,https://www.indeed.com/cmp/Hanmi-Bank/reviews,
harleysville national corporation,,Harleysville National Corp,https://www.indeed.com/cmp/Harleysville-National-Bank/reviews,231
"heartland financial usa, inc.",HTLF,Heartland Financial USA Inc,https://www.indeed.com/cmp/Heartland-Financial-USA/reviews,100
heritage commerce corp,,Heritage Commerce Corp,https://www.indeed.com/cmp/Heritage-Bank-of-Commerce/reviews,149
heritage financial corporation,,Heritage Financial Corp,https://www.indeed.com/cmp/Heritage-Financial/reviews,139
hibernia corporation,,Hibernia Corp,https://www.indeed.com/cmp/Hibernia-Bank/reviews,280
"hilltop holdings, inc",,Hilltop Holdings Inc,"https://www.indeed.com/cmp/Hilltop-Holdings,-Inc./reviews",73
"home bancshares, inc.",,Home Bancshares Inc,https://www.indeed.com/cmp/Home-Bank/reviews,82
"home federal bancorp, inc.",,Home Federal Bancorp Inc,https://www.indeed.com/cmp/Home-Federal-Bank/reviews,201
"homestreet, inc.",,HomeStreet Inc,https://www.indeed.com/cmp/Homestreet-Bank/reviews,118
"hope bancorp, inc.",HOPE,Hope Bancorp Inc,,71
"hudson city bancorp, inc.",,Hudson City Bancorp Inc,https://www.indeed.com/cmp/Hudson-City-Savings-Bank/reviews,293
hudson united bancorp,,Hudson United Bancorp,https://www.indeed.com/cmp/Hudson-United-Bank/reviews,271
humboldt bancorp,,Humboldt Bancorp,,299
huntington bancshares incorporated,HBAN,Huntington Bancshares Inc,https://www.indeed.com/cmp/Huntington-Bank/reviews,23
iberiabank corporation,IBKC,IBERIABANK Corp,https://www.indeed.com/cmp/Iberiabank/reviews,54
"imperial capital bancorp, inc",,Imperial Capital Bancorp Inc,https://www.indeed.com/cmp/Imperial-Capital-Bank/reviews,240
independent bank corp.,INDB,Independent Bank Corp.,https://www.indeed.com/cmp/Independent-Bank-Corporation/reviews; https://www.indeed.com/cmp/Independent-Bank/reviews,103
independent bank corporation,,Independent Bank Corp,https://www.indeed.com/cmp/Independent-Bank-Corporation/reviews,150
"independent bank group, inc.",IBTX,Independent Bank Group Inc,https://www.indeed.com/cmp/Independent-Bank-Group/reviews,121
"independent bankshares, inc.",,,https://www.indeed.com/cmp/Independent-Bank-Corporation/reviews,283
integra bank corporation,,Integra Bank Corp,https://www.indeed.com/cmp/Integra-Bank/reviews,219
intermountain community bancorp,,Intermountain Community Bancorp,,226
international bancshares corporation,IBOC,International Bancshares Corp,https://www.indeed.com/cmp/International-Bank-of-Commerce/reviews,75
"investors bancorp, inc.",,Investors Bancorp Inc,https://www.indeed.com/cmp/Investors-Bank/reviews,48
investors financial services corp.,,Investors Financial Services Corp,,259
irwin financial corporation,,Irwin Financial Corp,,249
jpmorgan chase & co.,JPM,JPMorgan Chase & Co,https://www.indeed.com/cmp/JPMorgan-Chase/reviews; https://www.indeed.com/cmp/Chase-Bank/reviews,1
keycorp,KEY,KeyCorp,https://www.indeed.com/cmp/Keybank/reviews,19
knbt bancorp inc.,,KNBT Bancorp Inc,https://www.indeed.com/cmp/Knbt/reviews,250
"lakeland bancorp, inc.",,Lakeland Bancorp Inc,https://www.indeed.com/cmp/Lakeland-Bank/reviews,128
lakeland financial corporation,LKFN,,https://www.indeed.com/cmp/Lake-City-Bank/reviews,
lcnb corp.,,LCNB Corp,https://www.indeed.com/cmp/Lcnb-National-Bank/reviews,170
"legacytexas financial group, inc.",LTXB,LegacyTexas Financial Group Inc,https://www.indeed.com/cmp/Legacy-Texas-Bank/reviews,99
"live oak bancshares, inc.",,Live Oak Bancshares Inc,https://www.indeed.com/cmp/Live-Oak-Banking-Co./reviews,160
local financial corporation,,Local Financial Corp,https://www.indeed.com/cmp/Local-Financial-Insitution/reviews,296
m&t bank corporation,MTB,M&T Bank Corp,https://www.indeed.com/cmp/M&T-Bank/reviews,22
"main street banks, inc.",,Main Street Banks Inc,https://www.indeed.com/cmp/Main-Street-Bank/reviews,276
marshall & ilsley corporation,,Marshall & Ilsley Corp,https://www.indeed.com/cmp/Marshall-&-Ilsley-Bank/reviews,213
massbank corp.,,MASSBANK Corp.,,301
"mb financial, inc.",MBFI,MB Financial Inc,https://www.indeed.com/cmp/Mb-Financial-Bank/reviews,58
mbna corporation,,MBNA Corp,https://www.indeed.com/cmp/Mbna-Corporation/reviews,265
mellon financial corporation,,Mellon Financial Corp,https://www.indeed.com/cmp/Mellon-Financial-Services/reviews,256
mercantile bankshares corporation,,Mercantile Bankshares Corp,https://www.indeed.com/cmp/Mercantile-Bank/reviews,258
"metlife, inc.",,Metlife Inc.,https://www.indeed.com/cmp/MetLife/reviews,208
"midwestone financial group, inc.",,MidWestOne Financial Group Inc,https://www.indeed.com/cmp/Midwestone-Bank/reviews,142
"monarch financial holdings, inc",,Monarch Financial Holdings Inc,https://www.indeed.com/cmp/Monarch-Bank/reviews,188
morgan stanley,,Morgan Stanley,https://www.indeed.com/cmp/Morgan-Stanley/reviews,6
mufg americas holdings corporation,,MUFG Americas Holdings Corp,https://www.indeed.com/cmp/Mufg-Americas/reviews,17
national bank holdings corporation,,National Bank Holdings Corp,https://www.indeed.com/cmp/National-Bank-&-Trust/reviews,203
"national bankshares, inc.",,National Bankshares Inc,https://www.indeed.com/cmp/National-Bank-&-Trust/reviews,175
national city corporation,,National City Corp,https://www.indeed.com/cmp/National-City/reviews,245
national commerce financial corporation,,National Commerce Financial Corp,https://www.indeed.com/cmp/National-Commercial-Bank/reviews,290
"national penn bancshares, inc.",,National Penn Bancshares Inc,https://www.indeed.com/cmp/National-Penn-Bank/reviews,184
nbt bancorp inc.,NBTB,NBT Bancorp Inc,https://www.indeed.com/cmp/Nbt-Bank,93
"new york community bancorp, inc.",,New York Community Bancorp Inc.,https://www.indeed.com/cmp/New-York-Community-Bank/reviews,30
"newalliance bancshares, inc.",,NewAlliance Bancshares Inc,https://www.indeed.com/cmp/Newalliance-Bank/reviews,216
"north fork bancorporation, inc.",,North Fork Bancorporation Inc.,https://www.indeed.com/cmp/North-Fork-Bank/reviews,266
northern empire bancshares,,Northern Empire Bancshare,,263
northern trust corporation,,Northern Trust Corp,https://www.indeed.com/cmp/Northern-Trust-Corp./reviews,21
"oak hill financial, inc.",,Oak Hill Financial Inc,https://www.indeed.com/cmp/Oak-Hill/reviews,264
ofg bancorp,,OFG Bancorp,,115
old national bancorp,ONB,Old National Bancorp,https://www.indeed.com/cmp/Old-National-Bank/reviews,66
"old second bancorp, inc.",,Old Second Bancorp Inc,https://www.indeed.com/cmp/Old-Second-National-Bank/reviews,152
pacific capital bancorp,,Pacific Capital Bancorp,https://www.indeed.com/cmp/Pacific-Capital-Bancorp/reviews,209
pacific continental corporation,,Pacific Continental Corp,https://www.indeed.com/cmp/Pacific-Continental-Bank/reviews,151
"pacific premier bancorp, inc.",PPBI,,https://www.indeed.com/cmp/Pacific-Premier-Bank/reviews,
pacwest bancorp,PACW,PacWest Bancorp,https://www.indeed.com/cmp/Pacific-Western-Bank/reviews,51
park national corporation,PRK,Park National Corp,https://www.indeed.com/cmp/Park-National-Bank/reviews,104
"penns woods bancorp, inc.",,Penns Woods Bancorp Inc,,169
people's mutual holdings,,People's United Financial Inc,https://www.indeed.com/cmp/People's-United-Bank/reviews,268
"people's united financial, inc.",,People's United Financial Inc,https://www.indeed.com/cmp/People's-United-Bank/reviews,32
people's utah bancorp,,Peoples Utah Bancorp,,162
"peoples bancorp of north carolina, inc.",,Peoples Bancorp of North Carolina Inc.,https://www.indeed.com/cmp/Peoples-Bank/reviews,178
"peoples community bancorp, inc",,Peoples Community Bancorp Inc,https://www.indeed.com/cmp/Peoples-Community-Bank/reviews,278
"pinnacle financial partners, inc.",PNFP,Pinnacle Financial Partners Inc,https://www.indeed.com/cmp/Pinnacle-Bank/reviews,78
"pnc financial services group, inc., the",,PNC Financial Services Group Inc.,https://www.indeed.com/cmp/Pnc-Bank/reviews,8
"popular, inc.",BPOP,Popular Inc,https://www.indeed.com/cmp/Popular-Community-Bank/reviews,33
"porter bancorp, inc.",,Porter Bancorp Inc,,195
"princeton national bancorp, inc.",,Princeton National Bancorp Inc,,212
"privatebancorp, inc.",PVTB,PrivateBancorp Inc,,57
"prosperity bancshares, inc.",PB,Prosperity Bancshares Inc,https://www.indeed.com/cmp/Prosperity-Bank/reviews,50
provident bankshares corporation,,Provident Bankshares Corp,https://www.indeed.com/cmp/Provident-Bank/reviews,238
"provident financial group, inc.",,Provident Financial Group Inc,https://www.indeed.com/cmp/Provident-Financial/reviews,292
"provident financial services, inc.",,Provident Financial Services Inc.,https://www.indeed.com/cmp/Provident-Financial/reviews,86
pulaski financial corp.,,Pulaski Financial Corp,https://www.indeed.com/cmp/Pulaski-Bank/reviews,187
r&g financial corporation,,R&G Financial Corp.,,230
"raymond james financial, inc.",,Raymond James Financial Inc.,https://www.indeed.com/cmp/Raymond-James/reviews,37
rbc bancorporation (usa),,Centura Banks Inc,https://www.indeed.com/cmp/Centura-Bank/reviews,227
regions financial corporation,RF,Regions Financial Corp,https://www.indeed.com/cmp/Regions-Bank/reviews,20
regions financial corporation,,Regions Financial Corp,https://www.indeed.com/cmp/Regions-Financial-Bank/reviews,287
renasant corporation,RNST,Renasant Corp,https://www.indeed.com/cmp/Renasant-Bank/reviews,94
republic bancorp inc.,,Republic Bancorp Inc,https://www.indeed.com/cmp/Republic-Bank/reviews,272
riggs national corporation,,Riggs National Corp,https://www.indeed.com/cmp/Riggs-National-Bank/reviews,281
"s & t bancorp, inc.",STBA,S&T Bancorp Inc,https://www.indeed.com/cmp/S&T-Bank/reviews,109
"sandy spring bancorp, inc.",SASR,Sandy Spring Bancorp Inc,https://www.indeed.com/cmp/Sandy-Spring-Bank/reviews,129
santander bancorp,,Santander Bancorp,https://www.indeed.com/cmp/Santander-Bank/reviews,186
seacoast banking corporation of florida,,Seacoast Banking Corp of Florida,https://www.indeed.com/cmp/Seacoast-Bank/reviews,131
seacoast financial services corporation,,Seacoast Financial Services Corp,https://www.indeed.com/cmp/Seacoast-Bank/reviews,295
"servisfirst bancshares, inc.",SFBS,ServisFirst Bancshares Inc,https://www.indeed.com/cmp/Servisfirst-Bank-1/reviews,117
signature bank,SBNY,,https://www.indeed.com/cmp/Signature-Bank/reviews,
simmons first national corporation,SFNC,Simmons First National Corp,https://www.indeed.com/cmp/Simmons-Bank/reviews; https://www.indeed.com/cmp/Simmons-First-National-Bank/reviews,98
"sky financial group, inc.",,Sky Financial Group Inc,https://www.indeed.com/cmp/Sky-Financial-Group/reviews,257
"south financial group, inc., the",,South Financial Group Inc (The),,228
south state corporation,SSB,South State Corp,https://www.indeed.com/cmp/South-State-Bank/reviews,92
southern community financial corporation,,Southern Community Financial Corp,https://www.indeed.com/cmp/Southern-Community-Bank-and-Trust/reviews,211
"southside bancshares, incorporated",,Southside Bancshares Inc,https://www.indeed.com/cmp/Southside-Bank/reviews,123
southtrust corporation,,SouthTrust Corp,https://www.indeed.com/cmp/Southtrust-Bank/reviews,286
state bank financial corporation,STBZ,,https://www.indeed.com/cmp/State-Bank-and-Trust/reviews,
state street corporation,,State Street Corp,https://www.indeed.com/cmp/State-Street-Bank-and-Trust/reviews,11
sterling bancorp,STL,Sterling Bancorp,https://www.indeed.com/cmp/Sterling-National-Bank/reviews,70
"sterling bancshares, inc.",,Sterling Bancshares Inc,https://www.indeed.com/cmp/Sterling-Bank-Services/reviews,217
sterling financial corporation,,Sterling Financial Corp/WA,https://www.indeed.com/cmp/Sterling-Bank-Services/reviews,197
stifel financial corp.,,Stifel Financial Corp.,https://www.indeed.com/cmp/Stifel-Financial/reviews,59
"stock yards bancorp, inc.",SYBT,Stock Yards Bancorp Inc,https://www.indeed.com/cmp/Stock-Yards-Bank-&-Trust/reviews,143
"summit financial group, inc.",,Summit Financial Group Inc,https://www.indeed.com/cmp/Summit-Financial/reviews,159
"sun bancorp, inc.",,Sun Bancorp Inc,https://www.indeed.com/cmp/Sun-Bank/reviews,300
"suntrust banks, inc.",STI,SunTrust Banks Inc.,https://www.indeed.com/cmp/Suntrust/reviews,13
"susquehanna bancshares, inc.",,Susquehanna Bancshares Inc,https://www.indeed.com/cmp/Susquehanna-Bank/reviews,191
svb financial group,SIVB,SVB Financial Group,https://www.indeed.com/cmp/Svb/reviews,31
synovus financial corp.,SNV,Synovus Financial Corp.,https://www.indeed.com/cmp/Synovus-Bank/reviews; https://www.indeed.com/cmp/Synovus/reviews,39
talmer bancorp inc.,,Talmer Bancorp Inc,https://www.indeed.com/cmp/Talmer-Bank-and-Trust/reviews,185
"taylor capital group, inc.",,Taylor Capital Group Inc,,198
tcf financial corporation,TCB,TCF Financial Corp,https://www.indeed.com/cmp/Tcf-Bank/reviews,55
td bank us holding company,,TD Banknorth Inc,https://www.indeed.com/cmp/Td-Bank/reviews,189
"texas capital bancshares, inc.",TCBI,Texas Capital Bancshares Inc,https://www.indeed.com/cmp/Texas-Capital-Bank/reviews,53
"texas regional bancshares, inc.",,Texas Regional Bancshares Inc,,260
tfs financial corp,TFSL,,https://www.indeed.com/cmp/Toyota-Financial-Services/reviews,
tib financial corp.,,TIB Financial Corp,https://www.indeed.com/cmp/Tib-Bank/reviews,233
tompkins financial corporation,TMP,Tompkins Financial Corp,https://www.indeed.com/cmp/Tompkins-Trust-Company/reviews,119
tower bancorp inc.,,Tower Bancorp Inc,,210
townebank,TOWN,,https://www.indeed.com/cmp/Townebank/reviews,
trico bancshares,,TriCo Bancshares,,132
"tristate capital holdings, inc",,TriState Capital Holdings Inc,https://www.indeed.com/cmp/Tristate-Capital-Bank/reviews,138
troy financial corporation,,Troy Financial Corp,https://www.indeed.com/cmp/Troy-Bank-and-Trust-Company/reviews,298
trustmark corporation,TRMK,Trustmark Corp,https://www.indeed.com/cmp/Trustmark-National-Bank/reviews,72
u.s. bancorp,USB,U.S. Bancorp,https://www.indeed.com/cmp/U.S.-Bancorp/reviews; https://www.indeed.com/cmp/US-Bancorp/reviews; https://www.indeed.com/cmp/U.S.-Bank/reviews,7
u.s. trust corporation,,,https://www.indeed.com/cmp/U.S.-Trust-Company/reviews,269
"u.s.b. holding co., inc.",,U.S.B. Holding Co. Inc.,,251
"ucbh holdings, inc.",,UCBH Holdings Inc,,236
umb financial corporation,UMBF,UMB Financial Corp,https://www.indeed.com/cmp/Umb-Financial-Corporation/reviews,56
umpqua holdings corporation,UMPQ,Umpqua Holdings Corp,https://www.indeed.com/cmp/Umpqua-Bank/reviews,46
union bankshares corporation,UBSH,Union Bankshares Corp,https://www.indeed.com/cmp/Union-Bank-&-Trust/reviews,96
union planters corporation,,Union Planters Corp,https://www.indeed.com/cmp/Union-Planters-Bank/reviews,289
"united bankshares, inc.",UBSI,United Bankshares Inc,https://www.indeed.com/cmp/United-Bank/reviews,69
"united community banks, inc.",UCBI,United Community Banks Inc,https://www.indeed.com/cmp/United-Community-Bank/reviews,80
"united financial bancorp, inc.",,United Financial Bancorp Inc,"https://www.indeed.com/cmp/United-Financial-Group,-Inc.-1/reviews",114
univest corporation of pennsylvania,,Univest Corp of Pennsylvania,https://www.indeed.com/cmp/Univest-Corporation-of-Pennsylvania/reviews,134
unizan financial corp.,,,,275
valley national bancorp,VLY,Valley National Bancorp,https://www.indeed.com/cmp/Valley-National-Bank/reviews; https://www.indeed.com/cmp/First-National-Bank/reviews,49
vib corp,,VIB Corp,,274
"virginia commerce bancorp, inc.",,Virginia Commerce Bancorp,,199
"w holding company, inc.",,W Holding Co Inc.,,229
wachovia corporation,,Wachovia Corp,https://www.indeed.com/cmp/Wachovia-Corporation/reviews,244
"washington federal, inc.",,Washington Federal Inc.,https://www.indeed.com/cmp/Washington-Federal/reviews,65
"washington trust bancorp, inc.",WASH,Washington Trust Bancorp Inc,https://www.indeed.com/cmp/Washington-Trust-Bank/reviews,133
"washingtonfirst bankshares, inc.",,WashingtonFirst Bankshares Inc,https://www.indeed.com/cmp/Washingtonfirst-Bank/reviews,155
webster financial corporation,WBS,Webster Financial Corp,https://www.indeed.com/cmp/Webster-Bank/reviews,43
wells fargo & company,WFC,Wells Fargo & Co,https://www.indeed.com/cmp/Wells-Fargo/reviews,3
"wesbanco, inc.",WSBC,WesBanco Inc,"https://www.indeed.com/cmp/Wesbanco-Bank,-Inc./reviews",83
westamerica bancorporation,WABC,Westamerica Bancorporation,https://www.indeed.com/cmp/Westamerica-Bank/reviews,127
western alliance bancorporation,WAL,Western Alliance Bancorporation,https://www.indeed.com/cmp/Western-Alliance-Bank/reviews,63
western sierra bancorp,,Western Sierra Bancorp,,277
whitney holding corporation,,Whitney Holding Corp.,https://www.indeed.com/cmp/Whitney-Bank/reviews,214
wilmington trust corporation,,Wilmington Trust Corp,https://www.indeed.com/cmp/Wilmington-Trust/reviews,215
wintrust financial corporation,WTFC,Wintrust Financial Corp.,https://www.indeed.com/cmp/Wintrust-Financial/reviews; https://www.indeed.com/cmp/Wintrust-Financial-Corporation,44
wsfs financial corporation,WSFS,,https://www.indeed.com/cmp/Wsfs-Bank/reviews,
yadkin financial corporation,YDKN,Yadkin Financial Corp,https://www.indeed.com/cmp/Yadkin-Bank,106
yardville national bancorp,,Yardville National Bancorp,,262
zions bancorporation,ZION,Zions Bancorporation,https://www.indeed.com/cmp/Zions-Bancorporation/reviews,28